#group,FALSE,FALSE,TRUE,TRUE,FALSE,FALSE,TRUE,TRUE,TRUE,TRUE,TRUE
#datatype,string,long,dateTime:RFC3339,dateTime:RFC3339,dateTime:RFC3339,double,string,string,string,string,string
#default,mean,,,,,,,,,,
,result,table,_start,_stop,_time,_value,_field,_measurement,host,location,topic
,,0,2025-05-08T10:52:36.7698019Z,2025-05-08T16:52:36.7698019Z,2025-05-08T12:17:00Z,2.185,co2_ppm,mqtt_consumer,LAPTOP-VP214E26,indoor,airquality/data
,,0,2025-05-08T10:52:36.7698019Z,2025-05-08T16:52:36.7698019Z,2025-05-08T12:18:00Z,1.833333333,co2_ppm,mqtt_consumer,LAPTOP-VP214E26,indoor,airquality/data
,,0,2025-05-08T10:52:36.7698019Z,2025-05-08T16:52:36.7698019Z,2025-05-08T12:19:00Z,1.63,co2_ppm,mqtt_consumer,LAPTOP-VP214E26,indoor,airquality/data
,,0,2025-05-08T10:52:36.7698019Z,2025-05-08T16:52:36.7698019Z,2025-05-08T12:20:00Z,1.54,co2_ppm,mqtt_consumer,LAPTOP-VP214E26,indoor,airquality/data
,,0,2025-05-08T10:52:36.7698019Z,2025-05-08T16:52:36.7698019Z,2025-05-08T12:23:00Z,1.266666667,co2_ppm,mqtt_consumer,LAPTOP-VP214E26,indoor,airquality/data
,,0,2025-05-08T10:52:36.7698019Z,2025-05-08T16:52:36.7698019Z,2025-05-08T12:24:00Z,1.218333333,co2_ppm,mqtt_consumer,LAPTOP-VP214E26,indoor,airquality/data
,,0,2025-05-08T10:52:36.7698019Z,2025-05-08T16:52:36.7698019Z,2025-05-08T12:25:00Z,1.175,co2_ppm,mqtt_consumer,LAPTOP-VP214E26,indoor,airquality/data
,,0,2025-05-08T10:52:36.7698019Z,2025-05-08T16:52:36.7698019Z,2025-05-08T12:26:00Z,1.135833333,co2_ppm,mqtt_consumer,LAPTOP-VP214E26,indoor,airquality/data
,,0,2025-05-08T10:52:36.7698019Z,2025-05-08T16:52:36.7698019Z,2025-05-08T12:27:00Z,1.106363636,co2_ppm,mqtt_consumer,LAPTOP-VP214E26,indoor,airquality/data
,,0,2025-05-08T10:52:36.7698019Z,2025-05-08T16:52:36.7698019Z,2025-05-08T12:28:00Z,1.089166667,co2_ppm,mqtt_consumer,LAPTOP-VP214E26,indoor,airquality/data
,,0,2025-05-08T10:52:36.7698019Z,2025-05-08T16:52:36.7698019Z,2025-05-08T12:29:00Z,1.039166667,co2_ppm,mqtt_consumer,LAPTOP-VP214E26,indoor,airquality/data
,,0,2025-05-08T10:52:36.7698019Z,2025-05-08T16:52:36.7698019Z,2025-05-08T12:30:00Z,1.033333333,co2_ppm,mqtt_consumer,LAPTOP-VP214E26,indoor,airquality/data
,,0,2025-05-08T10:52:36.7698019Z,2025-05-08T16:52:36.7698019Z,2025-05-08T12:31:00Z,1.0075,co2_ppm,mqtt_consumer,LAPTOP-VP214E26,indoor,airquality/data
,,0,2025-05-08T10:52:36.7698019Z,2025-05-08T16:52:36.7698019Z,2025-05-08T12:32:00Z,0.985,co2_ppm,mqtt_consumer,LAPTOP-VP214E26,indoor,airquality/data
,,0,2025-05-08T10:52:36.7698019Z,2025-05-08T16:52:36.7698019Z,2025-05-08T12:33:00Z,0.980833333,co2_ppm,mqtt_consumer,LAPTOP-VP214E26,indoor,airquality/data
,,0,2025-05-08T10:52:36.7698019Z,2025-05-08T16:52:36.7698019Z,2025-05-08T12:34:00Z,0.960909091,co2_ppm,mqtt_consumer,LAPTOP-VP214E26,indoor,airquality/data
,,0,2025-05-08T10:52:36.7698019Z,2025-05-08T16:52:36.7698019Z,2025-05-08T12:35:00Z,0.9525,co2_ppm,mqtt_consumer,LAPTOP-VP214E26,indoor,airquality/data
,,0,2025-05-08T10:52:36.7698019Z,2025-05-08T16:52:36.7698019Z,2025-05-08T12:36:00Z,0.93,co2_ppm,mqtt_consumer,LAPTOP-VP214E26,indoor,airquality/data
,,0,2025-05-08T10:52:36.7698019Z,2025-05-08T16:52:36.7698019Z,2025-05-08T12:37:00Z,0.910833333,co2_ppm,mqtt_consumer,LAPTOP-VP214E26,indoor,airquality/data
,,0,2025-05-08T10:52:36.7698019Z,2025-05-08T16:52:36.7698019Z,2025-05-08T12:38:00Z,0.916666667,co2_ppm,mqtt_consumer,LAPTOP-VP214E26,indoor,airquality/data
,,0,2025-05-08T10:52:36.7698019Z,2025-05-08T16:52:36.7698019Z,2025-05-08T12:39:00Z,0.913333333,co2_ppm,mqtt_consumer,LAPTOP-VP214E26,indoor,airquality/data
,,1,2025-05-08T10:52:36.7698019Z,2025-05-08T16:52:36.7698019Z,2025-05-08T12:17:00Z,63,humidity,mqtt_consumer,LAPTOP-VP214E26,indoor,airquality/data
,,1,2025-05-08T10:52:36.7698019Z,2025-05-08T16:52:36.7698019Z,2025-05-08T12:18:00Z,60.58333333,humidity,mqtt_consumer,LAPTOP-VP214E26,indoor,airquality/data
,,1,2025-05-08T10:52:36.7698019Z,2025-05-08T16:52:36.7698019Z,2025-05-08T12:19:00Z,59.41666667,humidity,mqtt_consumer,LAPTOP-VP214E26,indoor,airquality/data
,,1,2025-05-08T10:52:36.7698019Z,2025-05-08T16:52:36.7698019Z,2025-05-08T12:20:00Z,59,humidity,mqtt_consumer,LAPTOP-VP214E26,indoor,airquality/data
,,1,2025-05-08T10:52:36.7698019Z,2025-05-08T16:52:36.7698019Z,2025-05-08T12:23:00Z,59,humidity,mqtt_consumer,LAPTOP-VP214E26,indoor,airquality/data
,,1,2025-05-08T10:52:36.7698019Z,2025-05-08T16:52:36.7698019Z,2025-05-08T12:24:00Z,57.25,humidity,mqtt_consumer,LAPTOP-VP214E26,indoor,airquality/data
,,1,2025-05-08T10:52:36.7698019Z,2025-05-08T16:52:36.7698019Z,2025-05-08T12:25:00Z,57,humidity,mqtt_consumer,LAPTOP-VP214E26,indoor,airquality/data
,,1,2025-05-08T10:52:36.7698019Z,2025-05-08T16:52:36.7698019Z,2025-05-08T12:26:00Z,57,humidity,mqtt_consumer,LAPTOP-VP214E26,indoor,airquality/data
,,1,2025-05-08T10:52:36.7698019Z,2025-05-08T16:52:36.7698019Z,2025-05-08T12:27:00Z,56.36363636,humidity,mqtt_consumer,LAPTOP-VP214E26,indoor,airquality/data
,,1,2025-05-08T10:52:36.7698019Z,2025-05-08T16:52:36.7698019Z,2025-05-08T12:28:00Z,56,humidity,mqtt_consumer,LAPTOP-VP214E26,indoor,airquality/data
,,1,2025-05-08T10:52:36.7698019Z,2025-05-08T16:52:36.7698019Z,2025-05-08T12:29:00Z,56,humidity,mqtt_consumer,LAPTOP-VP214E26,indoor,airquality/data
,,1,2025-05-08T10:52:36.7698019Z,2025-05-08T16:52:36.7698019Z,2025-05-08T12:30:00Z,56,humidity,mqtt_consumer,LAPTOP-VP214E26,indoor,airquality/data
,,1,2025-05-08T10:52:36.7698019Z,2025-05-08T16:52:36.7698019Z,2025-05-08T12:31:00Z,56,humidity,mqtt_consumer,LAPTOP-VP214E26,indoor,airquality/data
,,1,2025-05-08T10:52:36.7698019Z,2025-05-08T16:52:36.7698019Z,2025-05-08T12:32:00Z,56,humidity,mqtt_consumer,LAPTOP-VP214E26,indoor,airquality/data
,,1,2025-05-08T10:52:36.7698019Z,2025-05-08T16:52:36.7698019Z,2025-05-08T12:33:00Z,56,humidity,mqtt_consumer,LAPTOP-VP214E26,indoor,airquality/data
,,1,2025-05-08T10:52:36.7698019Z,2025-05-08T16:52:36.7698019Z,2025-05-08T12:34:00Z,56,humidity,mqtt_consumer,LAPTOP-VP214E26,indoor,airquality/data
,,1,2025-05-08T10:52:36.7698019Z,2025-05-08T16:52:36.7698019Z,2025-05-08T12:35:00Z,56,humidity,mqtt_consumer,LAPTOP-VP214E26,indoor,airquality/data
,,1,2025-05-08T10:52:36.7698019Z,2025-05-08T16:52:36.7698019Z,2025-05-08T12:36:00Z,56,humidity,mqtt_consumer,LAPTOP-VP214E26,indoor,airquality/data
,,1,2025-05-08T10:52:36.7698019Z,2025-05-08T16:52:36.7698019Z,2025-05-08T12:37:00Z,56,humidity,mqtt_consumer,LAPTOP-VP214E26,indoor,airquality/data
,,1,2025-05-08T10:52:36.7698019Z,2025-05-08T16:52:36.7698019Z,2025-05-08T12:38:00Z,56,humidity,mqtt_consumer,LAPTOP-VP214E26,indoor,airquality/data
,,1,2025-05-08T10:52:36.7698019Z,2025-05-08T16:52:36.7698019Z,2025-05-08T12:39:00Z,56,humidity,mqtt_consumer,LAPTOP-VP214E26,indoor,airquality/data
,,2,2025-05-08T10:52:36.7698019Z,2025-05-08T16:52:36.7698019Z,2025-05-08T12:17:00Z,21.1,temperature,mqtt_consumer,LAPTOP-VP214E26,indoor,airquality/data
,,2,2025-05-08T10:52:36.7698019Z,2025-05-08T16:52:36.7698019Z,2025-05-08T12:18:00Z,22.56666667,temperature,mqtt_consumer,LAPTOP-VP214E26,indoor,airquality/data
,,2,2025-05-08T10:52:36.7698019Z,2025-05-08T16:52:36.7698019Z,2025-05-08T12:19:00Z,23.00833333,temperature,mqtt_consumer,LAPTOP-VP214E26,indoor,airquality/data
,,2,2025-05-08T10:52:36.7698019Z,2025-05-08T16:52:36.7698019Z,2025-05-08T12:20:00Z,23.1,temperature,mqtt_consumer,LAPTOP-VP214E26,indoor,airquality/data
,,2,2025-05-08T10:52:36.7698019Z,2025-05-08T16:52:36.7698019Z,2025-05-08T12:23:00Z,23.23333333,temperature,mqtt_consumer,LAPTOP-VP214E26,indoor,airquality/data
,,2,2025-05-08T10:52:36.7698019Z,2025-05-08T16:52:36.7698019Z,2025-05-08T12:24:00Z,23.70833333,temperature,mqtt_consumer,LAPTOP-VP214E26,indoor,airquality/data
,,2,2025-05-08T10:52:36.7698019Z,2025-05-08T16:52:36.7698019Z,2025-05-08T12:25:00Z,23.85,temperature,mqtt_consumer,LAPTOP-VP214E26,indoor,airquality/data
,,2,2025-05-08T10:52:36.7698019Z,2025-05-08T16:52:36.7698019Z,2025-05-08T12:26:00Z,23.91666667,temperature,mqtt_consumer,LAPTOP-VP214E26,indoor,airquality/data
,,2,2025-05-08T10:52:36.7698019Z,2025-05-08T16:52:36.7698019Z,2025-05-08T12:27:00Z,24,temperature,mqtt_consumer,LAPTOP-VP214E26,indoor,airquality/data
,,2,2025-05-08T10:52:36.7698019Z,2025-05-08T16:52:36.7698019Z,2025-05-08T12:28:00Z,24.04166667,temperature,mqtt_consumer,LAPTOP-VP214E26,indoor,airquality/data
,,2,2025-05-08T10:52:36.7698019Z,2025-05-08T16:52:36.7698019Z,2025-05-08T12:29:00Z,24.1,temperature,mqtt_consumer,LAPTOP-VP214E26,indoor,airquality/data
,,2,2025-05-08T10:52:36.7698019Z,2025-05-08T16:52:36.7698019Z,2025-05-08T12:30:00Z,24.1,temperature,mqtt_consumer,LAPTOP-VP214E26,indoor,airquality/data
,,2,2025-05-08T10:52:36.7698019Z,2025-05-08T16:52:36.7698019Z,2025-05-08T12:31:00Z,24.1,temperature,mqtt_consumer,LAPTOP-VP214E26,indoor,airquality/data
,,2,2025-05-08T10:52:36.7698019Z,2025-05-08T16:52:36.7698019Z,2025-05-08T12:32:00Z,24.11666667,temperature,mqtt_consumer,LAPTOP-VP214E26,indoor,airquality/data
,,2,2025-05-08T10:52:36.7698019Z,2025-05-08T16:52:36.7698019Z,2025-05-08T12:33:00Z,24.15833333,temperature,mqtt_consumer,LAPTOP-VP214E26,indoor,airquality/data
,,2,2025-05-08T10:52:36.7698019Z,2025-05-08T16:52:36.7698019Z,2025-05-08T12:34:00Z,24.12727273,temperature,mqtt_consumer,LAPTOP-VP214E26,indoor,airquality/data
,,2,2025-05-08T10:52:36.7698019Z,2025-05-08T16:52:36.7698019Z,2025-05-08T12:35:00Z,24.2,temperature,mqtt_consumer,LAPTOP-VP214E26,indoor,airquality/data
,,2,2025-05-08T10:52:36.7698019Z,2025-05-08T16:52:36.7698019Z,2025-05-08T12:36:00Z,24.2,temperature,mqtt_consumer,LAPTOP-VP214E26,indoor,airquality/data
,,2,2025-05-08T10:52:36.7698019Z,2025-05-08T16:52:36.7698019Z,2025-05-08T12:37:00Z,24.2,temperature,mqtt_consumer,LAPTOP-VP214E26,indoor,airquality/data
,,2,2025-05-08T10:52:36.7698019Z,2025-05-08T16:52:36.7698019Z,2025-05-08T12:38:00Z,24.25,temperature,mqtt_consumer,LAPTOP-VP214E26,indoor,airquality/data
,,2,2025-05-08T10:52:36.7698019Z,2025-05-08T16:52:36.7698019Z,2025-05-08T12:39:00Z,24.3,temperature,mqtt_consumer,LAPTOP-VP214E26,indoor,airquality/data
,,3,2025-05-08T10:52:36.7698019Z,2025-05-08T16:52:36.7698019Z,2025-05-08T12:49:00Z,1.27,co2_ppm,mqtt_consumer,LAPTOP-VP214E26,outdoor,airquality/data
,,3,2025-05-08T10:52:36.7698019Z,2025-05-08T16:52:36.7698019Z,2025-05-08T12:50:00Z,1.566363636,co2_ppm,mqtt_consumer,LAPTOP-VP214E26,outdoor,airquality/data
,,3,2025-05-08T10:52:36.7698019Z,2025-05-08T16:52:36.7698019Z,2025-05-08T12:51:00Z,1.745833333,co2_ppm,mqtt_consumer,LAPTOP-VP214E26,outdoor,airquality/data
,,3,2025-05-08T10:52:36.7698019Z,2025-05-08T16:52:36.7698019Z,2025-05-08T12:52:00Z,1.935,co2_ppm,mqtt_consumer,LAPTOP-VP214E26,outdoor,airquality/data
,,3,2025-05-08T10:52:36.7698019Z,2025-05-08T16:52:36.7698019Z,2025-05-08T12:53:00Z,3.365833333,co2_ppm,mqtt_consumer,LAPTOP-VP214E26,outdoor,airquality/data
,,3,2025-05-08T10:52:36.7698019Z,2025-05-08T16:52:36.7698019Z,2025-05-08T12:54:00Z,3.190833333,co2_ppm,mqtt_consumer,LAPTOP-VP214E26,outdoor,airquality/data
,,3,2025-05-08T10:52:36.7698019Z,2025-05-08T16:52:36.7698019Z,2025-05-08T12:55:00Z,1.855,co2_ppm,mqtt_consumer,LAPTOP-VP214E26,outdoor,airquality/data
,,3,2025-05-08T10:52:36.7698019Z,2025-05-08T16:52:36.7698019Z,2025-05-08T12:56:00Z,1.352727273,co2_ppm,mqtt_consumer,LAPTOP-VP214E26,outdoor,airquality/data
,,3,2025-05-08T10:52:36.7698019Z,2025-05-08T16:52:36.7698019Z,2025-05-08T12:57:00Z,29.47083333,co2_ppm,mqtt_consumer,LAPTOP-VP214E26,outdoor,airquality/data
,,3,2025-05-08T10:52:36.7698019Z,2025-05-08T16:52:36.7698019Z,2025-05-08T12:58:00Z,3.796666667,co2_ppm,mqtt_consumer,LAPTOP-VP214E26,outdoor,airquality/data
,,3,2025-05-08T10:52:36.7698019Z,2025-05-08T16:52:36.7698019Z,2025-05-08T12:59:00Z,2.665833333,co2_ppm,mqtt_consumer,LAPTOP-VP214E26,outdoor,airquality/data
,,3,2025-05-08T10:52:36.7698019Z,2025-05-08T16:52:36.7698019Z,2025-05-08T13:00:00Z,10.66666667,co2_ppm,mqtt_consumer,LAPTOP-VP214E26,outdoor,airquality/data
,,3,2025-05-08T10:52:36.7698019Z,2025-05-08T16:52:36.7698019Z,2025-05-08T13:01:00Z,18.31916667,co2_ppm,mqtt_consumer,LAPTOP-VP214E26,outdoor,airquality/data
,,3,2025-05-08T10:52:36.7698019Z,2025-05-08T16:52:36.7698019Z,2025-05-08T13:02:00Z,13.44416667,co2_ppm,mqtt_consumer,LAPTOP-VP214E26,outdoor,airquality/data
,,3,2025-05-08T10:52:36.7698019Z,2025-05-08T16:52:36.7698019Z,2025-05-08T13:03:00Z,6.373636364,co2_ppm,mqtt_consumer,LAPTOP-VP214E26,outdoor,airquality/data
,,3,2025-05-08T10:52:36.7698019Z,2025-05-08T16:52:36.7698019Z,2025-05-08T13:04:00Z,4.463333333,co2_ppm,mqtt_consumer,LAPTOP-VP214E26,outdoor,airquality/data
,,3,2025-05-08T10:52:36.7698019Z,2025-05-08T16:52:36.7698019Z,2025-05-08T13:05:00Z,3.728333333,co2_ppm,mqtt_consumer,LAPTOP-VP214E26,outdoor,airquality/data
,,3,2025-05-08T10:52:36.7698019Z,2025-05-08T16:52:36.7698019Z,2025-05-08T13:06:00Z,4.126666667,co2_ppm,mqtt_consumer,LAPTOP-VP214E26,outdoor,airquality/data
,,3,2025-05-08T10:52:36.7698019Z,2025-05-08T16:52:36.7698019Z,2025-05-08T13:07:00Z,4.641666667,co2_ppm,mqtt_consumer,LAPTOP-VP214E26,outdoor,airquality/data
,,3,2025-05-08T10:52:36.7698019Z,2025-05-08T16:52:36.7698019Z,2025-05-08T13:08:00Z,3.180833333,co2_ppm,mqtt_consumer,LAPTOP-VP214E26,outdoor,airquality/data
,,3,2025-05-08T10:52:36.7698019Z,2025-05-08T16:52:36.7698019Z,2025-05-08T13:09:00Z,3.248181818,co2_ppm,mqtt_consumer,LAPTOP-VP214E26,outdoor,airquality/data
,,3,2025-05-08T10:52:36.7698019Z,2025-05-08T16:52:36.7698019Z,2025-05-08T13:10:00Z,3.3825,co2_ppm,mqtt_consumer,LAPTOP-VP214E26,outdoor,airquality/data
,,3,2025-05-08T10:52:36.7698019Z,2025-05-08T16:52:36.7698019Z,2025-05-08T13:11:00Z,2.683333333,co2_ppm,mqtt_consumer,LAPTOP-VP214E26,outdoor,airquality/data
,,3,2025-05-08T10:52:36.7698019Z,2025-05-08T16:52:36.7698019Z,2025-05-08T13:12:00Z,3.033333333,co2_ppm,mqtt_consumer,LAPTOP-VP214E26,outdoor,airquality/data
,,3,2025-05-08T10:52:36.7698019Z,2025-05-08T16:52:36.7698019Z,2025-05-08T13:13:00Z,7.509166667,co2_ppm,mqtt_consumer,LAPTOP-VP214E26,outdoor,airquality/data
,,3,2025-05-08T10:52:36.7698019Z,2025-05-08T16:52:36.7698019Z,2025-05-08T13:14:00Z,20.71083333,co2_ppm,mqtt_consumer,LAPTOP-VP214E26,outdoor,airquality/data
,,3,2025-05-08T10:52:36.7698019Z,2025-05-08T16:52:36.7698019Z,2025-05-08T13:15:00Z,3.433636364,co2_ppm,mqtt_consumer,LAPTOP-VP214E26,outdoor,airquality/data
,,3,2025-05-08T10:52:36.7698019Z,2025-05-08T16:52:36.7698019Z,2025-05-08T13:16:00Z,1.885,co2_ppm,mqtt_consumer,LAPTOP-VP214E26,outdoor,airquality/data
,,3,2025-05-08T10:52:36.7698019Z,2025-05-08T16:52:36.7698019Z,2025-05-08T13:17:00Z,1.43,co2_ppm,mqtt_consumer,LAPTOP-VP214E26,outdoor,airquality/data
,,3,2025-05-08T10:52:36.7698019Z,2025-05-08T16:52:36.7698019Z,2025-05-08T13:18:00Z,1.414166667,co2_ppm,mqtt_consumer,LAPTOP-VP214E26,outdoor,airquality/data
,,3,2025-05-08T10:52:36.7698019Z,2025-05-08T16:52:36.7698019Z,2025-05-08T13:19:00Z,1.328333333,co2_ppm,mqtt_consumer,LAPTOP-VP214E26,outdoor,airquality/data
,,3,2025-05-08T10:52:36.7698019Z,2025-05-08T16:52:36.7698019Z,2025-05-08T13:20:00Z,1.256666667,co2_ppm,mqtt_consumer,LAPTOP-VP214E26,outdoor,airquality/data
,,3,2025-05-08T10:52:36.7698019Z,2025-05-08T16:52:36.7698019Z,2025-05-08T13:21:00Z,1.176666667,co2_ppm,mqtt_consumer,LAPTOP-VP214E26,outdoor,airquality/data
,,3,2025-05-08T10:52:36.7698019Z,2025-05-08T16:52:36.7698019Z,2025-05-08T13:22:00Z,1.131818182,co2_ppm,mqtt_consumer,LAPTOP-VP214E26,outdoor,airquality/data
,,3,2025-05-08T10:52:36.7698019Z,2025-05-08T16:52:36.7698019Z,2025-05-08T13:23:00Z,1.085,co2_ppm,mqtt_consumer,LAPTOP-VP214E26,outdoor,airquality/data
,,3,2025-05-08T10:52:36.7698019Z,2025-05-08T16:52:36.7698019Z,2025-05-08T13:24:00Z,1.028333333,co2_ppm,mqtt_consumer,LAPTOP-VP214E26,outdoor,airquality/data
,,3,2025-05-08T10:52:36.7698019Z,2025-05-08T16:52:36.7698019Z,2025-05-08T13:25:00Z,0.990833333,co2_ppm,mqtt_consumer,LAPTOP-VP214E26,outdoor,airquality/data
,,3,2025-05-08T10:52:36.7698019Z,2025-05-08T16:52:36.7698019Z,2025-05-08T13:26:00Z,2.3275,co2_ppm,mqtt_consumer,LAPTOP-VP214E26,outdoor,airquality/data
,,3,2025-05-08T10:52:36.7698019Z,2025-05-08T16:52:36.7698019Z,2025-05-08T13:27:00Z,1.356666667,co2_ppm,mqtt_consumer,LAPTOP-VP214E26,outdoor,airquality/data
,,3,2025-05-08T10:52:36.7698019Z,2025-05-08T16:52:36.7698019Z,2025-05-08T13:28:00Z,0.988181818,co2_ppm,mqtt_consumer,LAPTOP-VP214E26,outdoor,airquality/data
,,3,2025-05-08T10:52:36.7698019Z,2025-05-08T16:52:36.7698019Z,2025-05-08T13:29:00Z,0.768333333,co2_ppm,mqtt_consumer,LAPTOP-VP214E26,outdoor,airquality/data
,,3,2025-05-08T10:52:36.7698019Z,2025-05-08T16:52:36.7698019Z,2025-05-08T13:30:00Z,0.726666667,co2_ppm,mqtt_consumer,LAPTOP-VP214E26,outdoor,airquality/data
,,3,2025-05-08T10:52:36.7698019Z,2025-05-08T16:52:36.7698019Z,2025-05-08T13:31:00Z,0.6825,co2_ppm,mqtt_consumer,LAPTOP-VP214E26,outdoor,airquality/data
,,3,2025-05-08T10:52:36.7698019Z,2025-05-08T16:52:36.7698019Z,2025-05-08T13:32:00Z,0.653333333,co2_ppm,mqtt_consumer,LAPTOP-VP214E26,outdoor,airquality/data
,,3,2025-05-08T10:52:36.7698019Z,2025-05-08T16:52:36.7698019Z,2025-05-08T13:33:00Z,0.571666667,co2_ppm,mqtt_consumer,LAPTOP-VP214E26,outdoor,airquality/data
,,3,2025-05-08T10:52:36.7698019Z,2025-05-08T16:52:36.7698019Z,2025-05-08T13:34:00Z,0.559166667,co2_ppm,mqtt_consumer,LAPTOP-VP214E26,outdoor,airquality/data
,,3,2025-05-08T10:52:36.7698019Z,2025-05-08T16:52:36.7698019Z,2025-05-08T13:35:00Z,0.523636364,co2_ppm,mqtt_consumer,LAPTOP-VP214E26,outdoor,airquality/data
,,3,2025-05-08T10:52:36.7698019Z,2025-05-08T16:52:36.7698019Z,2025-05-08T13:36:00Z,0.5175,co2_ppm,mqtt_consumer,LAPTOP-VP214E26,outdoor,airquality/data
,,3,2025-05-08T10:52:36.7698019Z,2025-05-08T16:52:36.7698019Z,2025-05-08T13:37:00Z,0.511666667,co2_ppm,mqtt_consumer,LAPTOP-VP214E26,outdoor,airquality/data
,,3,2025-05-08T10:52:36.7698019Z,2025-05-08T16:52:36.7698019Z,2025-05-08T13:38:00Z,0.516666667,co2_ppm,mqtt_consumer,LAPTOP-VP214E26,outdoor,airquality/data
,,3,2025-05-08T10:52:36.7698019Z,2025-05-08T16:52:36.7698019Z,2025-05-08T13:39:00Z,0.534166667,co2_ppm,mqtt_consumer,LAPTOP-VP214E26,outdoor,airquality/data
,,3,2025-05-08T10:52:36.7698019Z,2025-05-08T16:52:36.7698019Z,2025-05-08T13:40:00Z,0.5275,co2_ppm,mqtt_consumer,LAPTOP-VP214E26,outdoor,airquality/data
,,3,2025-05-08T10:52:36.7698019Z,2025-05-08T16:52:36.7698019Z,2025-05-08T13:41:00Z,0.727272727,co2_ppm,mqtt_consumer,LAPTOP-VP214E26,outdoor,airquality/data
,,3,2025-05-08T10:52:36.7698019Z,2025-05-08T16:52:36.7698019Z,2025-05-08T13:42:00Z,2.605,co2_ppm,mqtt_consumer,LAPTOP-VP214E26,outdoor,airquality/data
,,3,2025-05-08T10:52:36.7698019Z,2025-05-08T16:52:36.7698019Z,2025-05-08T13:43:00Z,3.808333333,co2_ppm,mqtt_consumer,LAPTOP-VP214E26,outdoor,airquality/data
,,3,2025-05-08T10:52:36.7698019Z,2025-05-08T16:52:36.7698019Z,2025-05-08T13:44:00Z,1.973333333,co2_ppm,mqtt_consumer,LAPTOP-VP214E26,outdoor,airquality/data
,,3,2025-05-08T10:52:36.7698019Z,2025-05-08T16:52:36.7698019Z,2025-05-08T13:45:00Z,1.380833333,co2_ppm,mqtt_consumer,LAPTOP-VP214E26,outdoor,airquality/data
,,3,2025-05-08T10:52:36.7698019Z,2025-05-08T16:52:36.7698019Z,2025-05-08T13:46:00Z,1.116666667,co2_ppm,mqtt_consumer,LAPTOP-VP214E26,outdoor,airquality/data
,,3,2025-05-08T10:52:36.7698019Z,2025-05-08T16:52:36.7698019Z,2025-05-08T13:47:00Z,0.966666667,co2_ppm,mqtt_consumer,LAPTOP-VP214E26,outdoor,airquality/data
,,3,2025-05-08T10:52:36.7698019Z,2025-05-08T16:52:36.7698019Z,2025-05-08T13:48:00Z,0.864545455,co2_ppm,mqtt_consumer,LAPTOP-VP214E26,outdoor,airquality/data
,,3,2025-05-08T10:52:36.7698019Z,2025-05-08T16:52:36.7698019Z,2025-05-08T13:49:00Z,0.779166667,co2_ppm,mqtt_consumer,LAPTOP-VP214E26,outdoor,airquality/data
,,3,2025-05-08T10:52:36.7698019Z,2025-05-08T16:52:36.7698019Z,2025-05-08T13:50:00Z,0.705833333,co2_ppm,mqtt_consumer,LAPTOP-VP214E26,outdoor,airquality/data
,,3,2025-05-08T10:52:36.7698019Z,2025-05-08T16:52:36.7698019Z,2025-05-08T13:51:00Z,0.659166667,co2_ppm,mqtt_consumer,LAPTOP-VP214E26,outdoor,airquality/data
,,3,2025-05-08T10:52:36.7698019Z,2025-05-08T16:52:36.7698019Z,2025-05-08T13:52:00Z,0.629166667,co2_ppm,mqtt_consumer,LAPTOP-VP214E26,outdoor,airquality/data
,,3,2025-05-08T10:52:36.7698019Z,2025-05-08T16:52:36.7698019Z,2025-05-08T13:53:00Z,0.591666667,co2_ppm,mqtt_consumer,LAPTOP-VP214E26,outdoor,airquality/data
,,3,2025-05-08T10:52:36.7698019Z,2025-05-08T16:52:36.7698019Z,2025-05-08T13:54:00Z,0.536363636,co2_ppm,mqtt_consumer,LAPTOP-VP214E26,outdoor,airquality/data
,,3,2025-05-08T10:52:36.7698019Z,2025-05-08T16:52:36.7698019Z,2025-05-08T13:55:00Z,0.504166667,co2_ppm,mqtt_consumer,LAPTOP-VP214E26,outdoor,airquality/data
,,3,2025-05-08T10:52:36.7698019Z,2025-05-08T16:52:36.7698019Z,2025-05-08T13:56:00Z,0.47,co2_ppm,mqtt_consumer,LAPTOP-VP214E26,outdoor,airquality/data
,,4,2025-05-08T10:52:36.7698019Z,2025-05-08T16:52:36.7698019Z,2025-05-08T12:49:00Z,56,humidity,mqtt_consumer,LAPTOP-VP214E26,outdoor,airquality/data
,,4,2025-05-08T10:52:36.7698019Z,2025-05-08T16:52:36.7698019Z,2025-05-08T12:50:00Z,54.36363636,humidity,mqtt_consumer,LAPTOP-VP214E26,outdoor,airquality/data
,,4,2025-05-08T10:52:36.7698019Z,2025-05-08T16:52:36.7698019Z,2025-05-08T12:51:00Z,51.66666667,humidity,mqtt_consumer,LAPTOP-VP214E26,outdoor,airquality/data
,,4,2025-05-08T10:52:36.7698019Z,2025-05-08T16:52:36.7698019Z,2025-05-08T12:52:00Z,51.5,humidity,mqtt_consumer,LAPTOP-VP214E26,outdoor,airquality/data
,,4,2025-05-08T10:52:36.7698019Z,2025-05-08T16:52:36.7698019Z,2025-05-08T12:53:00Z,50.58333333,humidity,mqtt_consumer,LAPTOP-VP214E26,outdoor,airquality/data
,,4,2025-05-08T10:52:36.7698019Z,2025-05-08T16:52:36.7698019Z,2025-05-08T12:54:00Z,48.83333333,humidity,mqtt_consumer,LAPTOP-VP214E26,outdoor,airquality/data
,,4,2025-05-08T10:52:36.7698019Z,2025-05-08T16:52:36.7698019Z,2025-05-08T12:55:00Z,48,humidity,mqtt_consumer,LAPTOP-VP214E26,outdoor,airquality/data
,,4,2025-05-08T10:52:36.7698019Z,2025-05-08T16:52:36.7698019Z,2025-05-08T12:56:00Z,47.63636364,humidity,mqtt_consumer,LAPTOP-VP214E26,outdoor,airquality/data
,,4,2025-05-08T10:52:36.7698019Z,2025-05-08T16:52:36.7698019Z,2025-05-08T12:57:00Z,48.58333333,humidity,mqtt_consumer,LAPTOP-VP214E26,outdoor,airquality/data
,,4,2025-05-08T10:52:36.7698019Z,2025-05-08T16:52:36.7698019Z,2025-05-08T12:58:00Z,49,humidity,mqtt_consumer,LAPTOP-VP214E26,outdoor,airquality/data
,,4,2025-05-08T10:52:36.7698019Z,2025-05-08T16:52:36.7698019Z,2025-05-08T12:59:00Z,50.83333333,humidity,mqtt_consumer,LAPTOP-VP214E26,outdoor,airquality/data
,,4,2025-05-08T10:52:36.7698019Z,2025-05-08T16:52:36.7698019Z,2025-05-08T13:00:00Z,48.75,humidity,mqtt_consumer,LAPTOP-VP214E26,outdoor,airquality/data
,,4,2025-05-08T10:52:36.7698019Z,2025-05-08T16:52:36.7698019Z,2025-05-08T13:01:00Z,46.16666667,humidity,mqtt_consumer,LAPTOP-VP214E26,outdoor,airquality/data
,,4,2025-05-08T10:52:36.7698019Z,2025-05-08T16:52:36.7698019Z,2025-05-08T13:02:00Z,44.16666667,humidity,mqtt_consumer,LAPTOP-VP214E26,outdoor,airquality/data
,,4,2025-05-08T10:52:36.7698019Z,2025-05-08T16:52:36.7698019Z,2025-05-08T13:03:00Z,43.09090909,humidity,mqtt_consumer,LAPTOP-VP214E26,outdoor,airquality/data
,,4,2025-05-08T10:52:36.7698019Z,2025-05-08T16:52:36.7698019Z,2025-05-08T13:04:00Z,39.5,humidity,mqtt_consumer,LAPTOP-VP214E26,outdoor,airquality/data
,,4,2025-05-08T10:52:36.7698019Z,2025-05-08T16:52:36.7698019Z,2025-05-08T13:05:00Z,38.75,humidity,mqtt_consumer,LAPTOP-VP214E26,outdoor,airquality/data
,,4,2025-05-08T10:52:36.7698019Z,2025-05-08T16:52:36.7698019Z,2025-05-08T13:06:00Z,40.08333333,humidity,mqtt_consumer,LAPTOP-VP214E26,outdoor,airquality/data
,,4,2025-05-08T10:52:36.7698019Z,2025-05-08T16:52:36.7698019Z,2025-05-08T13:07:00Z,40.66666667,humidity,mqtt_consumer,LAPTOP-VP214E26,outdoor,airquality/data
,,4,2025-05-08T10:52:36.7698019Z,2025-05-08T16:52:36.7698019Z,2025-05-08T13:08:00Z,37.91666667,humidity,mqtt_consumer,LAPTOP-VP214E26,outdoor,airquality/data
,,4,2025-05-08T10:52:36.7698019Z,2025-05-08T16:52:36.7698019Z,2025-05-08T13:09:00Z,37.36363636,humidity,mqtt_consumer,LAPTOP-VP214E26,outdoor,airquality/data
,,4,2025-05-08T10:52:36.7698019Z,2025-05-08T16:52:36.7698019Z,2025-05-08T13:10:00Z,39.91666667,humidity,mqtt_consumer,LAPTOP-VP214E26,outdoor,airquality/data
,,4,2025-05-08T10:52:36.7698019Z,2025-05-08T16:52:36.7698019Z,2025-05-08T13:11:00Z,30.91666667,humidity,mqtt_consumer,LAPTOP-VP214E26,outdoor,airquality/data
,,4,2025-05-08T10:52:36.7698019Z,2025-05-08T16:52:36.7698019Z,2025-05-08T13:12:00Z,10.66666667,humidity,mqtt_consumer,LAPTOP-VP214E26,outdoor,airquality/data
,,4,2025-05-08T10:52:36.7698019Z,2025-05-08T16:52:36.7698019Z,2025-05-08T13:13:00Z,4.833333333,humidity,mqtt_consumer,LAPTOP-VP214E26,outdoor,airquality/data
,,4,2025-05-08T10:52:36.7698019Z,2025-05-08T16:52:36.7698019Z,2025-05-08T13:14:00Z,5.416666667,humidity,mqtt_consumer,LAPTOP-VP214E26,outdoor,airquality/data
,,4,2025-05-08T10:52:36.7698019Z,2025-05-08T16:52:36.7698019Z,2025-05-08T13:15:00Z,2.727272727,humidity,mqtt_consumer,LAPTOP-VP214E26,outdoor,airquality/data
,,4,2025-05-08T10:52:36.7698019Z,2025-05-08T16:52:36.7698019Z,2025-05-08T13:16:00Z,0,humidity,mqtt_consumer,LAPTOP-VP214E26,outdoor,airquality/data
,,4,2025-05-08T10:52:36.7698019Z,2025-05-08T16:52:36.7698019Z,2025-05-08T13:17:00Z,1,humidity,mqtt_consumer,LAPTOP-VP214E26,outdoor,airquality/data
,,4,2025-05-08T10:52:36.7698019Z,2025-05-08T16:52:36.7698019Z,2025-05-08T13:18:00Z,7.666666667,humidity,mqtt_consumer,LAPTOP-VP214E26,outdoor,airquality/data
,,4,2025-05-08T10:52:36.7698019Z,2025-05-08T16:52:36.7698019Z,2025-05-08T13:19:00Z,20,humidity,mqtt_consumer,LAPTOP-VP214E26,outdoor,airquality/data
,,4,2025-05-08T10:52:36.7698019Z,2025-05-08T16:52:36.7698019Z,2025-05-08T13:20:00Z,33.83333333,humidity,mqtt_consumer,LAPTOP-VP214E26,outdoor,airquality/data
,,4,2025-05-08T10:52:36.7698019Z,2025-05-08T16:52:36.7698019Z,2025-05-08T13:21:00Z,44.33333333,humidity,mqtt_consumer,LAPTOP-VP214E26,outdoor,airquality/data
,,4,2025-05-08T10:52:36.7698019Z,2025-05-08T16:52:36.7698019Z,2025-05-08T13:22:00Z,50,humidity,mqtt_consumer,LAPTOP-VP214E26,outdoor,airquality/data
,,4,2025-05-08T10:52:36.7698019Z,2025-05-08T16:52:36.7698019Z,2025-05-08T13:23:00Z,54.91666667,humidity,mqtt_consumer,LAPTOP-VP214E26,outdoor,airquality/data
,,4,2025-05-08T10:52:36.7698019Z,2025-05-08T16:52:36.7698019Z,2025-05-08T13:24:00Z,57.91666667,humidity,mqtt_consumer,LAPTOP-VP214E26,outdoor,airquality/data
,,4,2025-05-08T10:52:36.7698019Z,2025-05-08T16:52:36.7698019Z,2025-05-08T13:25:00Z,59.66666667,humidity,mqtt_consumer,LAPTOP-VP214E26,outdoor,airquality/data
,,4,2025-05-08T10:52:36.7698019Z,2025-05-08T16:52:36.7698019Z,2025-05-08T13:26:00Z,77.75,humidity,mqtt_consumer,LAPTOP-VP214E26,outdoor,airquality/data
,,4,2025-05-08T10:52:36.7698019Z,2025-05-08T16:52:36.7698019Z,2025-05-08T13:27:00Z,92.33333333,humidity,mqtt_consumer,LAPTOP-VP214E26,outdoor,airquality/data
,,4,2025-05-08T10:52:36.7698019Z,2025-05-08T16:52:36.7698019Z,2025-05-08T13:28:00Z,95.90909091,humidity,mqtt_consumer,LAPTOP-VP214E26,outdoor,airquality/data
,,4,2025-05-08T10:52:36.7698019Z,2025-05-08T16:52:36.7698019Z,2025-05-08T13:29:00Z,97.08333333,humidity,mqtt_consumer,LAPTOP-VP214E26,outdoor,airquality/data
,,4,2025-05-08T10:52:36.7698019Z,2025-05-08T16:52:36.7698019Z,2025-05-08T13:30:00Z,98,humidity,mqtt_consumer,LAPTOP-VP214E26,outdoor,airquality/data
,,4,2025-05-08T10:52:36.7698019Z,2025-05-08T16:52:36.7698019Z,2025-05-08T13:31:00Z,98,humidity,mqtt_consumer,LAPTOP-VP214E26,outdoor,airquality/data
,,4,2025-05-08T10:52:36.7698019Z,2025-05-08T16:52:36.7698019Z,2025-05-08T13:32:00Z,98,humidity,mqtt_consumer,LAPTOP-VP214E26,outdoor,airquality/data
,,4,2025-05-08T10:52:36.7698019Z,2025-05-08T16:52:36.7698019Z,2025-05-08T13:33:00Z,97.5,humidity,mqtt_consumer,LAPTOP-VP214E26,outdoor,airquality/data
,,4,2025-05-08T10:52:36.7698019Z,2025-05-08T16:52:36.7698019Z,2025-05-08T13:34:00Z,96,humidity,mqtt_consumer,LAPTOP-VP214E26,outdoor,airquality/data
,,4,2025-05-08T10:52:36.7698019Z,2025-05-08T16:52:36.7698019Z,2025-05-08T13:35:00Z,93.90909091,humidity,mqtt_consumer,LAPTOP-VP214E26,outdoor,airquality/data
,,4,2025-05-08T10:52:36.7698019Z,2025-05-08T16:52:36.7698019Z,2025-05-08T13:36:00Z,93,humidity,mqtt_consumer,LAPTOP-VP214E26,outdoor,airquality/data
,,4,2025-05-08T10:52:36.7698019Z,2025-05-08T16:52:36.7698019Z,2025-05-08T13:37:00Z,88.75,humidity,mqtt_consumer,LAPTOP-VP214E26,outdoor,airquality/data
,,4,2025-05-08T10:52:36.7698019Z,2025-05-08T16:52:36.7698019Z,2025-05-08T13:38:00Z,75.33333333,humidity,mqtt_consumer,LAPTOP-VP214E26,outdoor,airquality/data
,,4,2025-05-08T10:52:36.7698019Z,2025-05-08T16:52:36.7698019Z,2025-05-08T13:39:00Z,31.5,humidity,mqtt_consumer,LAPTOP-VP214E26,outdoor,airquality/data
,,4,2025-05-08T10:52:36.7698019Z,2025-05-08T16:52:36.7698019Z,2025-05-08T13:40:00Z,19.25,humidity,mqtt_consumer,LAPTOP-VP214E26,outdoor,airquality/data
,,4,2025-05-08T10:52:36.7698019Z,2025-05-08T16:52:36.7698019Z,2025-05-08T13:41:00Z,22.72727273,humidity,mqtt_consumer,LAPTOP-VP214E26,outdoor,airquality/data
,,4,2025-05-08T10:52:36.7698019Z,2025-05-08T16:52:36.7698019Z,2025-05-08T13:42:00Z,83.25,humidity,mqtt_consumer,LAPTOP-VP214E26,outdoor,airquality/data
,,4,2025-05-08T10:52:36.7698019Z,2025-05-08T16:52:36.7698019Z,2025-05-08T13:43:00Z,75.08333333,humidity,mqtt_consumer,LAPTOP-VP214E26,outdoor,airquality/data
,,4,2025-05-08T10:52:36.7698019Z,2025-05-08T16:52:36.7698019Z,2025-05-08T13:44:00Z,84.25,humidity,mqtt_consumer,LAPTOP-VP214E26,outdoor,airquality/data
,,4,2025-05-08T10:52:36.7698019Z,2025-05-08T16:52:36.7698019Z,2025-05-08T13:45:00Z,90,humidity,mqtt_consumer,LAPTOP-VP214E26,outdoor,airquality/data
,,4,2025-05-08T10:52:36.7698019Z,2025-05-08T16:52:36.7698019Z,2025-05-08T13:46:00Z,91.25,humidity,mqtt_consumer,LAPTOP-VP214E26,outdoor,airquality/data
,,4,2025-05-08T10:52:36.7698019Z,2025-05-08T16:52:36.7698019Z,2025-05-08T13:47:00Z,91.41666667,humidity,mqtt_consumer,LAPTOP-VP214E26,outdoor,airquality/data
,,4,2025-05-08T10:52:36.7698019Z,2025-05-08T16:52:36.7698019Z,2025-05-08T13:48:00Z,92,humidity,mqtt_consumer,LAPTOP-VP214E26,outdoor,airquality/data
,,4,2025-05-08T10:52:36.7698019Z,2025-05-08T16:52:36.7698019Z,2025-05-08T13:49:00Z,92,humidity,mqtt_consumer,LAPTOP-VP214E26,outdoor,airquality/data
,,4,2025-05-08T10:52:36.7698019Z,2025-05-08T16:52:36.7698019Z,2025-05-08T13:50:00Z,93,humidity,mqtt_consumer,LAPTOP-VP214E26,outdoor,airquality/data
,,4,2025-05-08T10:52:36.7698019Z,2025-05-08T16:52:36.7698019Z,2025-05-08T13:51:00Z,93,humidity,mqtt_consumer,LAPTOP-VP214E26,outdoor,airquality/data
,,4,2025-05-08T10:52:36.7698019Z,2025-05-08T16:52:36.7698019Z,2025-05-08T13:52:00Z,92.83333333,humidity,mqtt_consumer,LAPTOP-VP214E26,outdoor,airquality/data
,,4,2025-05-08T10:52:36.7698019Z,2025-05-08T16:52:36.7698019Z,2025-05-08T13:53:00Z,92,humidity,mqtt_consumer,LAPTOP-VP214E26,outdoor,airquality/data
,,4,2025-05-08T10:52:36.7698019Z,2025-05-08T16:52:36.7698019Z,2025-05-08T13:54:00Z,91.72727273,humidity,mqtt_consumer,LAPTOP-VP214E26,outdoor,airquality/data
,,4,2025-05-08T10:52:36.7698019Z,2025-05-08T16:52:36.7698019Z,2025-05-08T13:55:00Z,90.5,humidity,mqtt_consumer,LAPTOP-VP214E26,outdoor,airquality/data
,,4,2025-05-08T10:52:36.7698019Z,2025-05-08T16:52:36.7698019Z,2025-05-08T13:56:00Z,90,humidity,mqtt_consumer,LAPTOP-VP214E26,outdoor,airquality/data
,,5,2025-05-08T10:52:36.7698019Z,2025-05-08T16:52:36.7698019Z,2025-05-08T12:49:00Z,24.3,temperature,mqtt_consumer,LAPTOP-VP214E26,outdoor,airquality/data
,,5,2025-05-08T10:52:36.7698019Z,2025-05-08T16:52:36.7698019Z,2025-05-08T12:50:00Z,25.79090909,temperature,mqtt_consumer,LAPTOP-VP214E26,outdoor,airquality/data
,,5,2025-05-08T10:52:36.7698019Z,2025-05-08T16:52:36.7698019Z,2025-05-08T12:51:00Z,27.00833333,temperature,mqtt_consumer,LAPTOP-VP214E26,outdoor,airquality/data
,,5,2025-05-08T10:52:36.7698019Z,2025-05-08T16:52:36.7698019Z,2025-05-08T12:52:00Z,27.10833333,temperature,mqtt_consumer,LAPTOP-VP214E26,outdoor,airquality/data
,,5,2025-05-08T10:52:36.7698019Z,2025-05-08T16:52:36.7698019Z,2025-05-08T12:53:00Z,27.80833333,temperature,mqtt_consumer,LAPTOP-VP214E26,outdoor,airquality/data
,,5,2025-05-08T10:52:36.7698019Z,2025-05-08T16:52:36.7698019Z,2025-05-08T12:54:00Z,28.24166667,temperature,mqtt_consumer,LAPTOP-VP214E26,outdoor,airquality/data
,,5,2025-05-08T10:52:36.7698019Z,2025-05-08T16:52:36.7698019Z,2025-05-08T12:55:00Z,28.4,temperature,mqtt_consumer,LAPTOP-VP214E26,outdoor,airquality/data
,,5,2025-05-08T10:52:36.7698019Z,2025-05-08T16:52:36.7698019Z,2025-05-08T12:56:00Z,28.2,temperature,mqtt_consumer,LAPTOP-VP214E26,outdoor,airquality/data
,,5,2025-05-08T10:52:36.7698019Z,2025-05-08T16:52:36.7698019Z,2025-05-08T12:57:00Z,27.375,temperature,mqtt_consumer,LAPTOP-VP214E26,outdoor,airquality/data
,,5,2025-05-08T10:52:36.7698019Z,2025-05-08T16:52:36.7698019Z,2025-05-08T12:58:00Z,27.30833333,temperature,mqtt_consumer,LAPTOP-VP214E26,outdoor,airquality/data
,,5,2025-05-08T10:52:36.7698019Z,2025-05-08T16:52:36.7698019Z,2025-05-08T12:59:00Z,27.45833333,temperature,mqtt_consumer,LAPTOP-VP214E26,outdoor,airquality/data
,,5,2025-05-08T10:52:36.7698019Z,2025-05-08T16:52:36.7698019Z,2025-05-08T13:00:00Z,28.9,temperature,mqtt_consumer,LAPTOP-VP214E26,outdoor,airquality/data
,,5,2025-05-08T10:52:36.7698019Z,2025-05-08T16:52:36.7698019Z,2025-05-08T13:01:00Z,29.98333333,temperature,mqtt_consumer,LAPTOP-VP214E26,outdoor,airquality/data
,,5,2025-05-08T10:52:36.7698019Z,2025-05-08T16:52:36.7698019Z,2025-05-08T13:02:00Z,30.25833333,temperature,mqtt_consumer,LAPTOP-VP214E26,outdoor,airquality/data
,,5,2025-05-08T10:52:36.7698019Z,2025-05-08T16:52:36.7698019Z,2025-05-08T13:03:00Z,31.38181818,temperature,mqtt_consumer,LAPTOP-VP214E26,outdoor,airquality/data
,,5,2025-05-08T10:52:36.7698019Z,2025-05-08T16:52:36.7698019Z,2025-05-08T13:04:00Z,32.475,temperature,mqtt_consumer,LAPTOP-VP214E26,outdoor,airquality/data
,,5,2025-05-08T10:52:36.7698019Z,2025-05-08T16:52:36.7698019Z,2025-05-08T13:05:00Z,32.55,temperature,mqtt_consumer,LAPTOP-VP214E26,outdoor,airquality/data
,,5,2025-05-08T10:52:36.7698019Z,2025-05-08T16:52:36.7698019Z,2025-05-08T13:06:00Z,32.275,temperature,mqtt_consumer,LAPTOP-VP214E26,outdoor,airquality/data
,,5,2025-05-08T10:52:36.7698019Z,2025-05-08T16:52:36.7698019Z,2025-05-08T13:07:00Z,32.78333333,temperature,mqtt_consumer,LAPTOP-VP214E26,outdoor,airquality/data
,,5,2025-05-08T10:52:36.7698019Z,2025-05-08T16:52:36.7698019Z,2025-05-08T13:08:00Z,34.05833333,temperature,mqtt_consumer,LAPTOP-VP214E26,outdoor,airquality/data
,,5,2025-05-08T10:52:36.7698019Z,2025-05-08T16:52:36.7698019Z,2025-05-08T13:09:00Z,33.6,temperature,mqtt_consumer,LAPTOP-VP214E26,outdoor,airquality/data
,,5,2025-05-08T10:52:36.7698019Z,2025-05-08T16:52:36.7698019Z,2025-05-08T13:10:00Z,36.61666667,temperature,mqtt_consumer,LAPTOP-VP214E26,outdoor,airquality/data
,,5,2025-05-08T10:52:36.7698019Z,2025-05-08T16:52:36.7698019Z,2025-05-08T13:11:00Z,43.74166667,temperature,mqtt_consumer,LAPTOP-VP214E26,outdoor,airquality/data
,,5,2025-05-08T10:52:36.7698019Z,2025-05-08T16:52:36.7698019Z,2025-05-08T13:12:00Z,49.35833333,temperature,mqtt_consumer,LAPTOP-VP214E26,outdoor,airquality/data
,,5,2025-05-08T10:52:36.7698019Z,2025-05-08T16:52:36.7698019Z,2025-05-08T13:13:00Z,49.6,temperature,mqtt_consumer,LAPTOP-VP214E26,outdoor,airquality/data
,,5,2025-05-08T10:52:36.7698019Z,2025-05-08T16:52:36.7698019Z,2025-05-08T13:14:00Z,51.05833333,temperature,mqtt_consumer,LAPTOP-VP214E26,outdoor,airquality/data
,,5,2025-05-08T10:52:36.7698019Z,2025-05-08T16:52:36.7698019Z,2025-05-08T13:15:00Z,56.12727273,temperature,mqtt_consumer,LAPTOP-VP214E26,outdoor,airquality/data
,,5,2025-05-08T10:52:36.7698019Z,2025-05-08T16:52:36.7698019Z,2025-05-08T13:16:00Z,53.4,temperature,mqtt_consumer,LAPTOP-VP214E26,outdoor,airquality/data
,,5,2025-05-08T10:52:36.7698019Z,2025-05-08T16:52:36.7698019Z,2025-05-08T13:17:00Z,46.625,temperature,mqtt_consumer,LAPTOP-VP214E26,outdoor,airquality/data
,,5,2025-05-08T10:52:36.7698019Z,2025-05-08T16:52:36.7698019Z,2025-05-08T13:18:00Z,41.125,temperature,mqtt_consumer,LAPTOP-VP214E26,outdoor,airquality/data
,,5,2025-05-08T10:52:36.7698019Z,2025-05-08T16:52:36.7698019Z,2025-05-08T13:19:00Z,35.35,temperature,mqtt_consumer,LAPTOP-VP214E26,outdoor,airquality/data
,,5,2025-05-08T10:52:36.7698019Z,2025-05-08T16:52:36.7698019Z,2025-05-08T13:20:00Z,31.16666667,temperature,mqtt_consumer,LAPTOP-VP214E26,outdoor,airquality/data
,,5,2025-05-08T10:52:36.7698019Z,2025-05-08T16:52:36.7698019Z,2025-05-08T13:21:00Z,28.55,temperature,mqtt_consumer,LAPTOP-VP214E26,outdoor,airquality/data
,,5,2025-05-08T10:52:36.7698019Z,2025-05-08T16:52:36.7698019Z,2025-05-08T13:22:00Z,26.96363636,temperature,mqtt_consumer,LAPTOP-VP214E26,outdoor,airquality/data
,,5,2025-05-08T10:52:36.7698019Z,2025-05-08T16:52:36.7698019Z,2025-05-08T13:23:00Z,25.93333333,temperature,mqtt_consumer,LAPTOP-VP214E26,outdoor,airquality/data
,,5,2025-05-08T10:52:36.7698019Z,2025-05-08T16:52:36.7698019Z,2025-05-08T13:24:00Z,25.20833333,temperature,mqtt_consumer,LAPTOP-VP214E26,outdoor,airquality/data
,,5,2025-05-08T10:52:36.7698019Z,2025-05-08T16:52:36.7698019Z,2025-05-08T13:25:00Z,24.75833333,temperature,mqtt_consumer,LAPTOP-VP214E26,outdoor,airquality/data
,,5,2025-05-08T10:52:36.7698019Z,2025-05-08T16:52:36.7698019Z,2025-05-08T13:26:00Z,33.63333333,temperature,mqtt_consumer,LAPTOP-VP214E26,outdoor,airquality/data
,,5,2025-05-08T10:52:36.7698019Z,2025-05-08T16:52:36.7698019Z,2025-05-08T13:27:00Z,44.6,temperature,mqtt_consumer,LAPTOP-VP214E26,outdoor,airquality/data
,,5,2025-05-08T10:52:36.7698019Z,2025-05-08T16:52:36.7698019Z,2025-05-08T13:28:00Z,36.49090909,temperature,mqtt_consumer,LAPTOP-VP214E26,outdoor,airquality/data
,,5,2025-05-08T10:52:36.7698019Z,2025-05-08T16:52:36.7698019Z,2025-05-08T13:29:00Z,29.575,temperature,mqtt_consumer,LAPTOP-VP214E26,outdoor,airquality/data
,,5,2025-05-08T10:52:36.7698019Z,2025-05-08T16:52:36.7698019Z,2025-05-08T13:30:00Z,27.175,temperature,mqtt_consumer,LAPTOP-VP214E26,outdoor,airquality/data
,,5,2025-05-08T10:52:36.7698019Z,2025-05-08T16:52:36.7698019Z,2025-05-08T13:31:00Z,29.65,temperature,mqtt_consumer,LAPTOP-VP214E26,outdoor,airquality/data
,,5,2025-05-08T10:52:36.7698019Z,2025-05-08T16:52:36.7698019Z,2025-05-08T13:32:00Z,32.18333333,temperature,mqtt_consumer,LAPTOP-VP214E26,outdoor,airquality/data
,,5,2025-05-08T10:52:36.7698019Z,2025-05-08T16:52:36.7698019Z,2025-05-08T13:33:00Z,34.4,temperature,mqtt_consumer,LAPTOP-VP214E26,outdoor,airquality/data
,,5,2025-05-08T10:52:36.7698019Z,2025-05-08T16:52:36.7698019Z,2025-05-08T13:34:00Z,35.98333333,temperature,mqtt_consumer,LAPTOP-VP214E26,outdoor,airquality/data
,,5,2025-05-08T10:52:36.7698019Z,2025-05-08T16:52:36.7698019Z,2025-05-08T13:35:00Z,37.36363636,temperature,mqtt_consumer,LAPTOP-VP214E26,outdoor,airquality/data
,,5,2025-05-08T10:52:36.7698019Z,2025-05-08T16:52:36.7698019Z,2025-05-08T13:36:00Z,39.08333333,temperature,mqtt_consumer,LAPTOP-VP214E26,outdoor,airquality/data
,,5,2025-05-08T10:52:36.7698019Z,2025-05-08T16:52:36.7698019Z,2025-05-08T13:37:00Z,40.375,temperature,mqtt_consumer,LAPTOP-VP214E26,outdoor,airquality/data
,,5,2025-05-08T10:52:36.7698019Z,2025-05-08T16:52:36.7698019Z,2025-05-08T13:38:00Z,42.325,temperature,mqtt_consumer,LAPTOP-VP214E26,outdoor,airquality/data
,,5,2025-05-08T10:52:36.7698019Z,2025-05-08T16:52:36.7698019Z,2025-05-08T13:39:00Z,43.725,temperature,mqtt_consumer,LAPTOP-VP214E26,outdoor,airquality/data
,,5,2025-05-08T10:52:36.7698019Z,2025-05-08T16:52:36.7698019Z,2025-05-08T13:40:00Z,45.18333333,temperature,mqtt_consumer,LAPTOP-VP214E26,outdoor,airquality/data
,,5,2025-05-08T10:52:36.7698019Z,2025-05-08T16:52:36.7698019Z,2025-05-08T13:41:00Z,46.73636364,temperature,mqtt_consumer,LAPTOP-VP214E26,outdoor,airquality/data
,,5,2025-05-08T10:52:36.7698019Z,2025-05-08T16:52:36.7698019Z,2025-05-08T13:42:00Z,60.79166667,temperature,mqtt_consumer,LAPTOP-VP214E26,outdoor,airquality/data
,,5,2025-05-08T10:52:36.7698019Z,2025-05-08T16:52:36.7698019Z,2025-05-08T13:43:00Z,55.86666667,temperature,mqtt_consumer,LAPTOP-VP214E26,outdoor,airquality/data
,,5,2025-05-08T10:52:36.7698019Z,2025-05-08T16:52:36.7698019Z,2025-05-08T13:44:00Z,50.23333333,temperature,mqtt_consumer,LAPTOP-VP214E26,outdoor,airquality/data
,,5,2025-05-08T10:52:36.7698019Z,2025-05-08T16:52:36.7698019Z,2025-05-08T13:45:00Z,50.00833333,temperature,mqtt_consumer,LAPTOP-VP214E26,outdoor,airquality/data
,,5,2025-05-08T10:52:36.7698019Z,2025-05-08T16:52:36.7698019Z,2025-05-08T13:46:00Z,49.34166667,temperature,mqtt_consumer,LAPTOP-VP214E26,outdoor,airquality/data
,,5,2025-05-08T10:52:36.7698019Z,2025-05-08T16:52:36.7698019Z,2025-05-08T13:47:00Z,48.63333333,temperature,mqtt_consumer,LAPTOP-VP214E26,outdoor,airquality/data
,,5,2025-05-08T10:52:36.7698019Z,2025-05-08T16:52:36.7698019Z,2025-05-08T13:48:00Z,48.16363636,temperature,mqtt_consumer,LAPTOP-VP214E26,outdoor,airquality/data
,,5,2025-05-08T10:52:36.7698019Z,2025-05-08T16:52:36.7698019Z,2025-05-08T13:49:00Z,47.96666667,temperature,mqtt_consumer,LAPTOP-VP214E26,outdoor,airquality/data
,,5,2025-05-08T10:52:36.7698019Z,2025-05-08T16:52:36.7698019Z,2025-05-08T13:50:00Z,47.86666667,temperature,mqtt_consumer,LAPTOP-VP214E26,outdoor,airquality/data
,,5,2025-05-08T10:52:36.7698019Z,2025-05-08T16:52:36.7698019Z,2025-05-08T13:51:00Z,47.51666667,temperature,mqtt_consumer,LAPTOP-VP214E26,outdoor,airquality/data
,,5,2025-05-08T10:52:36.7698019Z,2025-05-08T16:52:36.7698019Z,2025-05-08T13:52:00Z,46.83333333,temperature,mqtt_consumer,LAPTOP-VP214E26,outdoor,airquality/data
,,5,2025-05-08T10:52:36.7698019Z,2025-05-08T16:52:36.7698019Z,2025-05-08T13:53:00Z,46.29166667,temperature,mqtt_consumer,LAPTOP-VP214E26,outdoor,airquality/data
,,5,2025-05-08T10:52:36.7698019Z,2025-05-08T16:52:36.7698019Z,2025-05-08T13:54:00Z,46.15454545,temperature,mqtt_consumer,LAPTOP-VP214E26,outdoor,airquality/data
,,5,2025-05-08T10:52:36.7698019Z,2025-05-08T16:52:36.7698019Z,2025-05-08T13:55:00Z,45.96666667,temperature,mqtt_consumer,LAPTOP-VP214E26,outdoor,airquality/data
,,5,2025-05-08T10:52:36.7698019Z,2025-05-08T16:52:36.7698019Z,2025-05-08T13:56:00Z,46,temperature,mqtt_consumer,LAPTOP-VP214E26,outdoor,airquality/data
